"id","first_name","last_name","email","tel"
1,"Cathi","Tramel","ctramel0@prweb.com","297-508-9357"
2,"Suzanna","McIlvoray","smcilvoray1@edublogs.org","399-870-4897"
3,"Sandie","Allsworth","sallsworth2@sourceforge.net","970-182-2703"
4,"Dulciana","Rillatt","drillatt3@umich.edu","345-795-6271"
5,"Hall","Shoemark","hshoemark4@ebay.com","821-495-9252"
6,"Jacquenette","Whate","jwhate5@ihg.com","268-580-7652"
7,"Rowena","Antyukhin","rantyukhin6@amazon.co.jp","328-800-5742"
8,"Billye","Hampshaw","bhampshaw7@icio.us","957-495-2686"
9,"Newton","Letherbury","nletherbury8@examiner.com","775-103-7603"
10,"Augie","Mansbridge","amansbridge9@topsy.com","799-610-4797"
11,"Jaime","Ubsdall","jubsdalla@ycombinator.com","535-441-9203"
12,"Margaret","Karlsen","mkarlsenb@alibaba.com","911-651-9710"
13,"Phebe","McCathie","pmccathiec@skyrock.com","169-497-3514"
14,"Venita","Ewbanks","vewbanksd@plala.or.jp","665-609-7322"
15,"Arielle","De Blasi","adeblasie@narod.ru","330-441-3921"
16,"Corbie","Neno","cnenof@ca.gov","370-665-7327"
17,"Kelcey","Foukx","kfoukxg@homestead.com","602-786-7480"
18,"Dalston","De Malchar","ddemalcharh@amazon.de","607-673-0037"
19,"Shepperd","Rawlins","srawlinsi@ed.gov","137-703-7589"
20,"Felizio","Ruprecht","fruprechtj@blogs.com","757-590-8161"
21,"Nancee","Batha","nbathak@tinypic.com","504-756-2268"
22,"Glen","Breheny","gbrehenyl@huffingtonpost.com","169-783-5617"
23,"Todd","Stearn","tstearnm@ox.ac.uk","693-865-7925"
24,"Yelena","Akram","yakramn@wikipedia.org","636-606-6375"
25,"Casie","Sterzaker","csterzakero@blogspot.com","101-367-5259"
26,"Chloris","Golds","cgoldsp@woothemes.com","766-100-8526"
27,"Saunder","Wildash","swildashq@oaic.gov.au","175-925-1421"
28,"Kassie","Eddowis","keddowisr@msu.edu","904-189-8252"
29,"Cristobal","Glennon","cglennons@businessinsider.com","652-755-3683"
30,"Ken","Hember","khembert@php.net","254-535-6008"
31,"Agustin","Quartermain","aquartermainu@businessinsider.com","956-619-7582"
32,"Sherwynd","Donnison","sdonnisonv@forbes.com","937-188-6643"
33,"Daniela","Trounce","dtrouncew@vk.com","523-258-2402"
34,"Bernarr","Panketh","bpankethx@mlb.com","184-981-4123"
35,"Lorilyn","Jedrzejczyk","ljedrzejczyky@list-manage.com","345-861-6984"
36,"Kassandra","Sumers","ksumersz@earthlink.net","896-278-2544"
37,"Evvie","Raincin","eraincin10@ow.ly","844-794-8194"
38,"Frieda","Ludovico","fludovico11@creativecommons.org","431-329-0823"
39,"Maynard","Hairs","mhairs12@icq.com","999-444-9555"
40,"Armstrong","Knowlton","aknowlton13@lycos.com","373-860-0813"
41,"Andrey","McEntagart","amcentagart14@istockphoto.com","799-566-7261"
42,"Cheri","Dawidowitz","cdawidowitz15@mysql.com","479-985-7143"
43,"Clari","Freebury","cfreebury16@usgs.gov","302-615-3686"
44,"Worden","Leaney","wleaney17@stanford.edu","981-696-5355"
45,"Hazel","Craydon","hcraydon18@reuters.com","617-587-5257"
46,"Aguistin","Merdew","amerdew19@deliciousdays.com","440-958-9742"
47,"Quill","Landsborough","qlandsborough1a@ow.ly","837-111-2979"
48,"Rowen","Trewett","rtrewett1b@tuttocitta.it","129-359-0325"
49,"Dill","Doudney","ddoudney1c@reddit.com","283-961-7959"
50,"Cobb","Biskup","cbiskup1d@narod.ru","284-305-6695"
51,"Tobye","Behnke","tbehnke1e@dot.gov","337-939-7422"
52,"Kathleen","Spick","kspick1f@addthis.com","506-859-8591"
53,"Stephanus","Tilly","stilly1g@xinhuanet.com","831-966-7523"
54,"Saleem","Fellibrand","sfellibrand1h@home.pl","971-773-3459"
55,"Benedetta","Koubu","bkoubu1i@unblog.fr","795-378-2463"
56,"Karola","Blanche","kblanche1j@cyberchimps.com","590-490-5850"
57,"Alberto","Wigg","awigg1k@tmall.com","433-608-3606"
58,"Lois","Rodinger","lrodinger1l@symantec.com","304-581-6086"
59,"Frieda","Woloschinski","fwoloschinski1m@kickstarter.com","773-457-6378"
60,"Milka","Canceller","mcanceller1n@weebly.com","173-898-1120"
61,"Avrit","Carreyette","acarreyette1o@cdbaby.com","307-902-3795"
62,"Warren","Rabat","wrabat1p@spiegel.de","704-213-5286"
63,"Boonie","Ber","bber1q@studiopress.com","518-201-8837"
64,"Rouvin","Dennant","rdennant1r@google.com","185-192-0662"
65,"Marsh","Studeart","mstudeart1s@sourceforge.net","653-826-6166"
66,"Ennis","Castagnier","ecastagnier1t@ibm.com","820-621-0626"
67,"Lorens","Mapledorum","lmapledorum1u@nsw.gov.au","428-907-2924"
68,"Symon","Spilstead","sspilstead1v@example.com","739-973-9149"
69,"Colly","Pordal","cpordal1w@prlog.org","508-690-7192"
70,"Heidie","Barbary","hbarbary1x@usda.gov","523-754-9498"
71,"Junina","Franceschielli","jfranceschielli1y@dropbox.com","744-260-3721"
72,"Wait","Baysting","wbaysting1z@cdc.gov","716-863-3135"
73,"Malynda","Allsobrook","mallsobrook20@shutterfly.com","480-139-8759"
74,"Hurlee","Derrick","hderrick21@netlog.com","670-325-2565"
75,"Zenia","Junkinson","zjunkinson22@hubpages.com","813-595-1598"
76,"Mattheus","Elies","melies23@chicagotribune.com","727-926-4031"
77,"Ericha","Silverman","esilverman24@sphinn.com","495-648-3281"
78,"Moise","Hollow","mhollow25@hostgator.com","118-598-1898"
79,"Shana","Leason","sleason26@dell.com","439-571-9420"
80,"Arni","Coulston","acoulston27@accuweather.com","806-417-8747"
81,"Humphrey","Farndale","hfarndale28@mlb.com","679-604-4301"
82,"Ethelin","Deville","edeville29@sun.com","435-734-3198"
83,"Verena","Hurworth","vhurworth2a@4shared.com","948-262-2212"
84,"Amelina","Voisey","avoisey2b@squidoo.com","760-319-1296"
85,"Thorny","Angell","tangell2c@cbsnews.com","524-829-8313"
86,"Don","Marcos","dmarcos2d@thetimes.co.uk","432-826-8920"
87,"Allen","Housaman","ahousaman2e@alibaba.com","822-319-7723"
88,"Bern","Melbury","bmelbury2f@blogger.com","922-352-0130"
89,"Marlyn","Garton","mgarton2g@tmall.com","743-298-6710"
90,"Hillier","Favey","hfavey2h@ebay.com","955-713-7225"
91,"Paloma","Ketch","pketch2i@prlog.org","367-915-6742"
92,"Randi","Rennard","rrennard2j@utexas.edu","720-981-1345"
93,"Geoff","Denisyuk","gdenisyuk2k@adobe.com","708-860-3325"
94,"Marga","Ilyinski","milyinski2l@techcrunch.com","545-325-9933"
95,"Amble","Klemt","aklemt2m@de.vu","513-418-8890"
96,"Tiphanie","Shutte","tshutte2n@netscape.com","460-221-4234"
97,"Eduino","Hintzer","ehintzer2o@constantcontact.com","125-367-8705"
98,"Robbie","Tabb","rtabb2p@acquirethisname.com","232-886-3500"
99,"Cesare","Helks","chelks2q@msu.edu","764-948-8711"
100,"Fayina","Dahmke","fdahmke2r@xing.com","845-579-3529"
101,"Tootsie","Sloane","tsloane2s@skyrock.com","664-709-8506"
102,"Rusty","Risby","rrisby2t@scientificamerican.com","625-873-7951"
103,"Syd","Kalvin","skalvin2u@dot.gov","656-417-7253"
104,"Blake","Moulden","bmoulden2v@uiuc.edu","949-632-4671"
105,"Lea","Domanek","ldomanek2w@comsenz.com","190-411-1874"
106,"Agatha","Calterone","acalterone2x@w3.org","832-183-4052"
107,"Morry","Thewles","mthewles2y@newyorker.com","900-961-4327"
108,"Lynne","Castanos","lcastanos2z@hatena.ne.jp","189-296-8175"
109,"Elmira","Perell","eperell30@miibeian.gov.cn","461-347-1069"
110,"Korey","Fuzzens","kfuzzens31@naver.com","897-730-2498"
111,"Stanislaw","McWard","smcward32@chron.com","894-476-0688"
112,"Susann","Boobier","sboobier33@feedburner.com","747-369-2598"
113,"Raye","Charlotte","rcharlotte34@unicef.org","595-406-5652"
114,"Clayborne","Figgures","cfiggures35@vimeo.com","842-479-1157"
115,"Pepito","Devoy","pdevoy36@meetup.com","592-330-6438"
116,"Hazlett","Bridgwater","hbridgwater37@chron.com","410-265-1259"
117,"Levin","Bolam","lbolam38@1und1.de","264-487-2557"
118,"Catha","Delhanty","cdelhanty39@prnewswire.com","323-297-9160"
119,"Budd","Carstairs","bcarstairs3a@miitbeian.gov.cn","148-494-8377"
120,"Zora","Brodhead","zbrodhead3b@washingtonpost.com","899-625-8601"
121,"Edward","Moxon","emoxon3c@bbb.org","417-732-4983"
122,"Caryn","Tanswill","ctanswill3d@theguardian.com","295-428-4498"
123,"Boycie","Ostrich","bostrich3e@columbia.edu","187-929-1537"
124,"Torrance","Shields","tshields3f@sakura.ne.jp","602-203-5384"
125,"Dagny","Martyntsev","dmartyntsev3g@unblog.fr","688-120-5344"
126,"Mic","Moles","mmoles3h@sun.com","947-589-5567"
127,"Karilynn","Kenryd","kkenryd3i@sfgate.com","241-376-9078"
128,"Sydney","De Wolfe","sdewolfe3j@bbb.org","959-651-7821"
129,"Izaak","Reuble","ireuble3k@usgs.gov","573-987-7735"
130,"Efren","Slay","eslay3l@reverbnation.com","303-213-5495"
131,"Ernie","Cubley","ecubley3m@spotify.com","157-836-3106"
132,"Meade","O'Hickey","mohickey3n@nytimes.com","577-726-6606"
133,"Tymon","Braunlein","tbraunlein3o@jalbum.net","889-469-9013"
134,"Laney","Stiff","lstiff3p@ft.com","131-311-4477"
135,"Vivie","Upfold","vupfold3q@4shared.com","986-806-5842"
136,"Valida","Euston","veuston3r@mozilla.org","432-752-1760"
137,"Susanne","Hembling","shembling3s@wordpress.org","670-293-7316"
138,"Arther","Arnot","aarnot3t@google.de","433-623-2220"
139,"Charlton","Bulfit","cbulfit3u@timesonline.co.uk","658-954-2401"
140,"Myrtice","Leagas","mleagas3v@g.co","498-431-7722"
141,"Reese","Whittet","rwhittet3w@miibeian.gov.cn","763-825-1693"
142,"Brady","McKew","bmckew3x@xing.com","113-899-8146"
143,"Bev","Hakking","bhakking3y@tinypic.com","959-894-7272"
144,"Veronica","Gitting","vgitting3z@opensource.org","977-659-7780"
145,"Mara","Briskey","mbriskey40@creativecommons.org","462-659-8014"
146,"Mercy","Stanlack","mstanlack41@topsy.com","149-596-9179"
147,"Catlee","Silkstone","csilkstone42@examiner.com","175-230-8658"
148,"Sherrie","Sawforde","ssawforde43@twitpic.com","737-687-0162"
149,"Rodie","Gowdridge","rgowdridge44@nytimes.com","525-893-9657"
150,"Jake","Bouskill","jbouskill45@linkedin.com","713-765-4869"
151,"Beatriz","Yewdall","byewdall46@patch.com","690-301-1784"
152,"Alvina","Sturr","asturr47@behance.net","814-296-9282"
153,"Alan","Trussell","atrussell48@telegraph.co.uk","506-739-1794"
154,"Garald","Menhenitt","gmenhenitt49@fda.gov","298-239-2796"
155,"Poppy","Belshaw","pbelshaw4a@godaddy.com","594-329-7086"
156,"Flossie","Kleinerman","fkleinerman4b@slashdot.org","883-395-4399"
157,"Vita","Kowal","vkowal4c@artisteer.com","516-767-4866"
158,"Roman","Walley","rwalley4d@hud.gov","873-914-2029"
159,"Tait","Handke","thandke4e@mlb.com","983-539-4023"
160,"Hiram","Sparkwell","hsparkwell4f@wordpress.com","567-912-7663"
161,"Katya","Braganca","kbraganca4g@gizmodo.com","469-779-6284"
162,"Cicely","Djurdjevic","cdjurdjevic4h@ebay.com","831-700-1669"
163,"Sheeree","Gurr","sgurr4i@fema.gov","639-701-3664"
164,"Karyn","Andrzej","kandrzej4j@goo.ne.jp","845-670-2913"
165,"Marabel","Connow","mconnow4k@elegantthemes.com","387-855-9912"
166,"Theobald","Jacquemet","tjacquemet4l@newsvine.com","576-101-1735"
167,"Caprice","Caddie","ccaddie4m@techcrunch.com","724-200-4476"
168,"Jemie","Cusick","jcusick4n@harvard.edu","713-235-0366"
169,"Nolly","Aindriu","naindriu4o@godaddy.com","309-104-8174"
170,"Urson","Redholls","uredholls4p@amazon.co.uk","774-485-6287"
171,"Darrin","Helmke","dhelmke4q@rakuten.co.jp","326-455-6053"
172,"Sibyl","Tratton","stratton4r@yale.edu","797-808-3337"
173,"Willdon","Shavel","wshavel4s@com.com","191-291-2153"
174,"Grannie","Hacun","ghacun4t@ezinearticles.com","604-684-6359"
175,"Opal","Egel","oegel4u@yolasite.com","115-517-9952"
176,"Elyssa","L'Hommee","elhommee4v@mlb.com","154-436-1533"
177,"Jocelyn","MacKowle","jmackowle4w@patch.com","659-585-3885"
178,"Errol","Seago","eseago4x@canalblog.com","556-218-8152"
179,"Minnnie","Perrygo","mperrygo4y@tiny.cc","864-216-0998"
180,"Mark","Harridge","mharridge4z@multiply.com","291-275-2531"
181,"Paulo","Winterson","pwinterson50@google.com.hk","875-221-5857"
182,"Darrelle","Shury","dshury51@fda.gov","713-479-1688"
183,"Annmaria","Morando","amorando52@blog.com","838-900-8161"
184,"Derrik","Cranage","dcranage53@blogger.com","115-655-5455"
185,"Derwin","Whiteford","dwhiteford54@senate.gov","705-919-8952"
186,"Yancy","Whitters","ywhitters55@cam.ac.uk","402-939-0741"
187,"Chloris","Garrique","cgarrique56@ow.ly","270-657-9184"
188,"Jud","Watterson","jwatterson57@google.co.jp","359-654-5266"
189,"Gideon","Wintersgill","gwintersgill58@indiegogo.com","986-820-8374"
190,"Lanna","Jurczyk","ljurczyk59@rakuten.co.jp","170-178-1801"
191,"Wallis","Jumel","wjumel5a@yelp.com","259-329-7979"
192,"Hyatt","Kamienski","hkamienski5b@patch.com","718-921-1917"
193,"Carlene","Canadine","ccanadine5c@cbslocal.com","472-698-5500"
194,"Cathrine","Sprigg","csprigg5d@telegraph.co.uk","795-972-2479"
195,"Elvera","Burren","eburren5e@freewebs.com","300-341-0444"
196,"Rozanna","Burehill","rburehill5f@hud.gov","726-898-4011"
197,"Corrianne","Sworne","csworne5g@opensource.org","260-147-9834"
198,"Golda","Danbi","gdanbi5h@sciencedirect.com","306-747-0416"
199,"Dosi","Conkay","dconkay5i@t-online.de","171-858-6269"
200,"Levin","Lorie","llorie5j@yahoo.com","857-572-5341"
201,"Perry","Grayling","pgrayling5k@infoseek.co.jp","420-585-6248"
202,"Hortensia","Dobney","hdobney5l@go.com","249-608-6860"
203,"Staffard","Catlette","scatlette5m@squarespace.com","151-321-5910"
204,"Wilmette","Roblett","wroblett5n@macromedia.com","717-195-8077"
205,"Alleyn","Broadwell","abroadwell5o@intel.com","283-154-9034"
206,"Genovera","Baress","gbaress5p@weibo.com","207-543-4176"
207,"Chester","Middleditch","cmiddleditch5q@ycombinator.com","571-948-5831"
208,"Tiphanie","Doige","tdoige5r@baidu.com","614-239-2195"
209,"Ardisj","Bluett","abluett5s@xrea.com","508-278-4525"
210,"Waldemar","MacKowle","wmackowle5t@ehow.com","937-584-4100"
211,"Tobias","Cartwright","tcartwright5u@com.com","287-133-9525"
212,"Delila","Barney","dbarney5v@youtu.be","125-981-7435"
213,"Ellyn","Ranaghan","eranaghan5w@slashdot.org","420-816-6915"
214,"Winfred","St Pierre","wstpierre5x@virginia.edu","729-942-7679"
215,"Abby","Yakunchikov","ayakunchikov5y@tmall.com","645-920-1120"
216,"Brandie","Letrange","bletrange5z@last.fm","256-773-1183"
217,"Stavros","McAmish","smcamish60@pen.io","478-906-0080"
218,"Shandie","Busch","sbusch61@webs.com","390-596-0342"
219,"Rochester","Stiles","rstiles62@opensource.org","360-604-6291"
220,"Audrye","Messiter","amessiter63@china.com.cn","549-363-1427"
221,"Roger","Gisby","rgisby64@amazon.com","602-516-3643"
222,"Abbe","Threlkeld","athrelkeld65@java.com","871-360-7804"
223,"Rosmunda","Bennington","rbennington66@irs.gov","226-156-0035"
224,"Mellie","Pardey","mpardey67@furl.net","738-248-9698"
225,"Thibaut","Howsan","thowsan68@yellowpages.com","504-151-3133"
226,"Dylan","Beeble","dbeeble69@shareasale.com","945-783-4932"
227,"Brooke","Burnall","bburnall6a@blinklist.com","261-107-3196"
228,"Cristobal","Brightie","cbrightie6b@cafepress.com","288-437-2521"
229,"Araldo","Tewnion","atewnion6c@google.com.br","939-982-0948"
230,"Carl","Careswell","ccareswell6d@ebay.co.uk","760-598-7440"
231,"Shirline","Gajownik","sgajownik6e@ovh.net","685-363-7603"
232,"Florance","Hannabus","fhannabus6f@hexun.com","477-411-3665"
233,"Jaimie","Hanniger","jhanniger6g@merriam-webster.com","397-201-9641"
234,"Jeanna","Roberti","jroberti6h@npr.org","107-238-8008"
235,"Lizzie","Hamnet","lhamnet6i@mashable.com","454-667-6302"
236,"Dale","Standbrooke","dstandbrooke6j@ameblo.jp","625-539-1673"
237,"Kendricks","Poile","kpoile6k@discuz.net","106-584-1825"
238,"Merilee","Bloxam","mbloxam6l@unblog.fr","224-598-2427"
239,"Iormina","Bront","ibront6m@smugmug.com","302-391-7008"
240,"Bone","Loghan","bloghan6n@tripod.com","296-329-4759"
241,"Nicolette","Kohlert","nkohlert6o@zdnet.com","493-437-4502"
242,"Sheba","Tomsu","stomsu6p@networksolutions.com","251-708-9850"
243,"Abbott","Sinson","asinson6q@homestead.com","543-553-9029"
244,"Anissa","Nicholls","anicholls6r@parallels.com","789-903-0928"
245,"Dela","Lohde","dlohde6s@surveymonkey.com","498-456-8198"
246,"Orrin","Cridlon","ocridlon6t@si.edu","486-688-4861"
247,"Aldo","Mallya","amallya6u@psu.edu","571-698-3347"
248,"Guenevere","Keyhoe","gkeyhoe6v@constantcontact.com","224-336-5811"
249,"Zeb","Sheeres","zsheeres6w@domainmarket.com","709-286-7507"
250,"Calhoun","Simchenko","csimchenko6x@google.it","393-718-3229"
251,"Stormy","Perkin","sperkin6y@deviantart.com","661-847-1019"
252,"Leta","Tooker","ltooker6z@nyu.edu","151-265-5564"
253,"Dennison","Dewis","ddewis70@tumblr.com","283-198-8710"
254,"Pepi","Byatt","pbyatt71@usnews.com","955-791-8833"
255,"Bendicty","Blowing","bblowing72@ed.gov","920-833-8899"
256,"Jeffie","Burbridge","jburbridge73@parallels.com","150-973-7090"
257,"Maud","Langforth","mlangforth74@tuttocitta.it","453-442-6027"
258,"Sarita","Quirk","squirk75@facebook.com","470-419-9320"
259,"Erminie","Espinos","eespinos76@behance.net","940-999-9622"
260,"Lee","Pinar","lpinar77@mashable.com","476-732-0235"
261,"Shena","Stonhewer","sstonhewer78@friendfeed.com","876-478-9516"
262,"Katharyn","Bright","kbright79@washingtonpost.com","154-214-0457"
263,"Hubie","Georgievski","hgeorgievski7a@hc360.com","420-396-8198"
264,"Nalani","Mandell","nmandell7b@mozilla.org","339-343-7920"
265,"Ciro","Satyford","csatyford7c@telegraph.co.uk","890-336-5166"
266,"Haily","Sainz","hsainz7d@dot.gov","922-960-7533"
267,"Tristam","Borg-Bartolo","tborgbartolo7e@webs.com","874-892-9180"
268,"Eden","Elmhirst","eelmhirst7f@yandex.ru","810-925-2754"
269,"Peggie","Clubley","pclubley7g@twitpic.com","325-845-9007"
270,"Doralia","Elnough","delnough7h@de.vu","811-680-9542"
271,"Julietta","Wrightam","jwrightam7i@un.org","808-609-7513"
272,"Trudy","Dan","tdan7j@harvard.edu","570-979-0158"
273,"Silvester","Narducci","snarducci7k@meetup.com","410-559-0042"
274,"Kimmi","Ettridge","kettridge7l@unicef.org","162-254-2010"
275,"Angelle","Llywarch","allywarch7m@eepurl.com","808-806-9698"
276,"Duffy","Pedroli","dpedroli7n@ca.gov","982-336-9254"
277,"Siffre","Heijnen","sheijnen7o@sfgate.com","672-340-9210"
278,"Katee","Wansbury","kwansbury7p@narod.ru","471-780-0781"
279,"Jaymee","Camacho","jcamacho7q@tuttocitta.it","863-591-8833"
280,"D'arcy","Atherton","datherton7r@fda.gov","631-414-4489"
281,"Cristi","Greensite","cgreensite7s@toplist.cz","775-438-8174"
282,"Belinda","Calley","bcalley7t@4shared.com","967-818-4266"
283,"Mallissa","Shenton","mshenton7u@telegraph.co.uk","264-532-6072"
284,"Papagena","Whyffen","pwhyffen7v@xrea.com","380-663-3551"
285,"Dorelle","Luquet","dluquet7w@qq.com","856-338-2454"
286,"Marj","Corneil","mcorneil7x@jimdo.com","655-434-9192"
287,"Ives","Bottrill","ibottrill7y@ustream.tv","214-980-1131"
288,"Vivyanne","Bourges","vbourges7z@dion.ne.jp","568-522-5958"
289,"Dominique","Ferrarello","dferrarello80@thetimes.co.uk","359-814-2226"
290,"Reyna","Dodswell","rdodswell81@bloomberg.com","745-240-6379"
291,"Martica","O'Keefe","mokeefe82@oakley.com","134-152-2784"
292,"Marijo","Abercromby","mabercromby83@themeforest.net","989-531-5809"
293,"Xylina","Le Guin","xleguin84@jiathis.com","288-984-1605"
294,"Jo-anne","Palffrey","jpalffrey85@nydailynews.com","389-914-9481"
295,"Eddie","Geldeard","egeldeard86@about.com","308-635-6291"
296,"Alastair","Dalmon","adalmon87@bbc.co.uk","255-856-4520"
297,"Matti","Figgess","mfiggess88@biblegateway.com","569-596-6266"
298,"Cameron","Brodbin","cbrodbin89@livejournal.com","888-581-9086"
299,"Steffie","Poschel","sposchel8a@mlb.com","499-229-7034"
300,"Kellia","Hayball","khayball8b@ed.gov","335-619-7609"
